<?xml version="1.0" encoding="UTF-8"?>
<beans xmlns="http://www.springframework.org/schema/beans"
	xmlns:xsi="http://www.w3.org/2001/XMLSchema-instance" xmlns:tx="http://www.springframework.org/schema/tx"
	xmlns:mvc="http://www.springframework.org/schema/mvc" xmlns:context="http://www.springframework.org/schema/context"
	xsi:schemaLocation="http://www.springframework.org/schema/beans
		http://www.springframework.org/schema/beans/spring-beans-3.0.xsd
		http://www.springframework.org/schema/tx
		http://www.springframework.org/schema/tx/spring-tx-3.0.xsd
		http://www.springframework.org/schema/context
		http://www.springframework.org/schema/context/spring-context-3.0.xsd
		http://www.springframework.org/schema/mvc
		http://www.springframework.org/schema/mvc/spring-mvc-3.0.xsd">

	<mvc:annotation-driven />
	<mvc:default-servlet-handler />
	<context:annotation-config />
	<context:component-scan base-package="com.projectManagement.config" />
	
	<context:component-scan base-package="com.projectManagement.model" />
	<context:component-scan base-package="com.projectManagement.dao" />

	<context:component-scan base-package="com.projectManagement.services" />
	<context:component-scan base-package="com.projectManagement.controller" />

	<bean id="dataSource" class="org.springframework.jdbc.datasource.DriverManagerDataSource">
		<property name="driverClassName" value="com.mysql.jdbc.Driver" />
		<property name="url"
			value="jdbc:mysql://localhost:3306/pms" />
		<property name="username" value="root" />
		<property name="password" value="root" />
	</bean>
	
<bean id="jdbcTemplate" class="org.springframework.jdbc.core.JdbcTemplate">
  <property name="dataSource" ref="dataSource" /> 
  </bean>
  <bean id="studentDao" class="com.projectManagement.dao.StudentDao">
  </bean>
  <bean id="companyDao" class="com.projectManagement.dao.CompanyDao">
  </bean>
  <bean id="studentController" class="com.projectManagement.dao.CompanyDao">
  </bean>
  

	<mvc:resources mapping="/resources/**" location="/resources/"></mvc:resources>

</beans>